id;first_name;last_name;title;gender;date_of_birth;deleted
1;Ayana;MacGyver;back-end;NOT_SPECIFIED;2020-08-22T05:51:36;false
2;Kadin;Hand;Tools Cotton Gibraltar Pound;FEMALE;2020-08-21T20:31:32;false
3;Elenor;Beatty;sky blue;NOT_SPECIFIED;2020-08-22T11:33:09;false
4;Veronica;Bogan;programming Personal Loan Account;OTHER;2020-08-22T11:25:36;true
5;Candelario;Weber;model;MALE;2020-08-21T15:43:08;false
6;Jena;Roob;monetize;NOT_SPECIFIED;2020-08-21T17:14:47;true
7;Triston;Hammes;Security Central;FEMALE;2020-08-22T01:10:09;false
8;Heath;Emard;green invoice Gorgeous;OTHER;2020-08-22T06:08:27;false
9;Timmothy;Kreiger;Strategist auxiliary withdrawal;NOT_SPECIFIED;2020-08-22T02:49:56;true
10;Anabel;Bruen;Chips Ergonomic Rubber Chicken Ergonomic Frozen Soap;FEMALE;2020-08-22T09:43:05;true
